feature,contribution,model,contrib
x0,xt,ml,0.017534315586090088
v0,xt,ml,0.029381774365901947
t,xt,ml,1.8853008723258973
rand,xt,ml,0.0055561363697052
alpha,xt,ml,0.18330129981040955
beta,xt,ml,0.22472314536571503
gamma,xt,ml,0.3570554256439209
delta,xt,ml,0.6525813353061676
omega,xt,ml,0.3994967192411423
x0,xt,true,6.134042170313769e-07
v0,xt,true,0.016292017153444166
t,xt,true,3.1689402345744444
rand,xt,true,0.0
alpha,xt,true,0.0
beta,xt,true,0.0
gamma,xt,true,0.0
delta,xt,true,0.0
omega,xt,true,0.0
x0,vt,ml,0.021898502707481383
v0,vt,ml,0.024444440379738808
t,vt,ml,2.3989222064614295
rand,vt,ml,0.007487978786230087
alpha,vt,ml,0.2707837068289518
beta,vt,ml,0.32378652051091195
gamma,vt,ml,0.39205542869865895
delta,vt,ml,0.6800096853077412
omega,vt,ml,0.3961407372355461
x0,vt,true,7.221067873266866e-07
v0,vt,true,0.013115033031232515
t,vt,true,4.155010005030215
rand,vt,true,0.0
alpha,vt,true,0.0
beta,vt,true,0.0
gamma,vt,true,0.0
delta,vt,true,0.0
omega,vt,true,0.0
