feature,contribution,model,contrib
x0,xt,ml,0.010830163955688477
v0,xt,ml,1.3882987201213837
t,xt,ml,0.0031791627407073975
rand,xt,ml,0.0026457011699676514
alpha,xt,ml,0.012364238500595093
beta,xt,ml,0.0547260046005249
gamma,xt,ml,0.013236701488494873
delta,xt,ml,0.008912384510040283
omega,xt,ml,0.02946034073829651
x0,xt,true,13.084477306985223
v0,xt,true,14.042193502710116
t,xt,true,17.06298796609947
rand,xt,true,0.0
alpha,xt,true,0.0
beta,xt,true,0.0
gamma,xt,true,0.0
delta,xt,true,0.0
omega,xt,true,0.0
x0,vt,ml,0.020719046238809824
v0,vt,ml,0.025185570120811462
t,vt,ml,0.002134963870048523
rand,vt,ml,0.001863483339548111
alpha,vt,ml,0.005379971116781235
beta,vt,ml,0.00425335019826889
gamma,vt,ml,0.0034219585359096527
delta,vt,ml,0.006586033850908279
omega,vt,ml,0.011118408292531967
x0,vt,true,0.921193303018124
v0,vt,true,6.899136797326267
t,vt,true,4.614588101219301
rand,vt,true,0.0
alpha,vt,true,0.0
beta,vt,true,0.0
gamma,vt,true,0.0
delta,vt,true,0.0
omega,vt,true,0.0
