feature,contribution,model,contrib
x0,xt,ml,1.0682041994496296
v0,xt,ml,0.20948549888247794
t,xt,ml,0.31247575695705854
rand,xt,ml,0.024217684175393807
alpha,xt,ml,0.0
beta,xt,ml,0.0
gamma,xt,ml,0.0
delta,xt,ml,0.0
omega,xt,ml,0.0
x0,xt,true,0.04964085644123387
v0,xt,true,0.028902896282608538
t,xt,true,0.02546026571909218
rand,xt,true,0.023543886009987115
alpha,xt,true,0.0
beta,xt,true,0.0
gamma,xt,true,0.0
delta,xt,true,0.0
omega,xt,true,0.0
x0,vt,ml,1.0682041994496296
v0,vt,ml,0.20948549888247794
t,vt,ml,0.31247575695705854
rand,vt,ml,0.024217684175393807
alpha,vt,ml,0.0
beta,vt,ml,0.0
gamma,vt,ml,0.0
delta,vt,ml,0.0
omega,vt,ml,0.0
x0,vt,true,0.04964085644123387
v0,vt,true,0.028902896282608538
t,vt,true,0.02546026571909218
rand,vt,true,0.023543886009987115
alpha,vt,true,0.0
beta,vt,true,0.0
gamma,vt,true,0.0
delta,vt,true,0.0
omega,vt,true,0.0
