,xt,vt
0,0.31801234119911137,-0.6246262925217724
1,-0.852104105692262,0.38018100421704765
2,-0.20584942678962637,0.5030593714531062
3,-0.23604664620184806,-0.211037690372175
4,-0.2226908318833182,-0.289139407518847
5,0.6560732661263131,0.38946953654447136
6,1.1532589828826196,0.6549425700569643
7,0.8264055426013474,0.4643525783577985
8,1.0286538343778033,-0.037956775231686474
9,-0.538507913225946,0.2546845881381545
