,xt,vt
0,1.3328526832879741,-0.5826369755362492
1,0.5939662419107873,0.32107442529180946
2,0.775022451561353,0.7091753862845359
3,1.0439432409931784,0.046079554165499706
4,-0.4253249219896744,0.06323438511445523
5,-0.8190225633911113,0.32515883495388453
6,0.597223077329684,-0.37128644912563386
7,-0.8640793972721786,-0.43213521954508427
8,0.027423306749582432,0.43674174737386806
9,0.5854408557581451,-0.32139275780217713
